iter	Logloss
0	0.2396295547
1	0.1351222515
2	0.0777667582
3	0.05147224069
4	0.03654392958
5	0.02962616682
6	0.02191025317
7	0.01659903526
8	0.01448919773
9	0.013494578
